t	level_1	0.025	0.25	0.5	0.75	0.975
0.0	0	0.0019409068000711645	0.003309045880435223	0.0043846985279938945	0.0060630355621744325	0.012401071453810305
1.0	0	0.0031075622474924444	0.0052879594245545825	0.007040900352478551	0.009764190178755528	0.020632994229526063
2.0	0	0.0039028585033894555	0.006564313759487318	0.0086995434804258	0.012084686977569913	0.02598811883186733
3.0	0	0.004387187333476166	0.0073729425613541805	0.009830215355806434	0.013656781520688124	0.02961179096256934
4.0	0	0.004729666217849335	0.007963344049256537	0.010623441029940723	0.014756599257907257	0.03231573669736676
5.0	0	0.005000191834724628	0.008375951425623857	0.011248798962401094	0.015594444529369807	0.034389359484128086
6.0	0	0.005203628814035215	0.008749844257827261	0.011727548144890836	0.016309105520122588	0.03597138367019321
7.0	0	0.0053839622082790415	0.009085680780820728	0.012112031763578546	0.01692511197881248	0.03754529490142703
8.0	0	0.005522420510174302	0.009363872700818853	0.012466784101258812	0.01744772589598754	0.03882994458618416
9.0	0	0.005707884566127099	0.009609636057109393	0.0128435183440442	0.017982298814308663	0.04004400441280116
10.0	0	0.005859632900292233	0.009817549761206676	0.013191083313478643	0.018478910137325277	0.04115111186651027
11.0	0	0.0059698397912510475	0.010059310163073206	0.013539097056965517	0.01901608889293688	0.04219300415726545
12.0	0	0.006099012373764748	0.010289005187332875	0.013919620066662114	0.019454367355762385	0.04320535783934484
13.0	0	0.006200321784263024	0.01049373708895297	0.014190687228852422	0.01994092116219859	0.044149648463157255
14.0	0	0.006316870361326419	0.01071372970228469	0.014497896520623832	0.02035257206794619	0.04506185125624452
15.0	0	0.0064653014733787855	0.01089166575650084	0.014830091937158143	0.02078755822119263	0.04594091247776673
16.0	0	0.006652617494314276	0.011116345046882668	0.01513155640596584	0.021198987578122663	0.04678496610838127
17.0	0	0.006855231174427961	0.011335642806419225	0.015412919086782462	0.021672554181518013	0.04759388302226518
18.0	0	0.007073956259639672	0.011528038284675206	0.01573759727717003	0.022154639327958962	0.04828925789972629
19.0	0	0.007153612492590109	0.01175057370381627	0.01602646987728882	0.022668656286502224	0.049211043356548204
20.0	0	0.0072524869588057326	0.01186328396463111	0.016359662734640613	0.02307738715055801	0.050104891249261596
21.0	0	0.007329002173370999	0.012094752763917001	0.016725172398295778	0.023509407979575857	0.050777848886558404
22.0	0	0.00739559356668309	0.012328609422465884	0.01703937146423867	0.024177966963501277	0.05141757040111474
23.0	0	0.0074529222203117505	0.012564767014972274	0.017506595042563387	0.024729040015855845	0.05203179799856092
24.0	0	0.007668069385358798	0.012816601650029558	0.017875648193241816	0.025242507660982672	0.05262215494529194
25.0	0	0.007790419790631083	0.01303975412385052	0.018203292757266187	0.025874536394515826	0.05312715855294239
26.0	0	0.007882924393018152	0.01327980440620187	0.018648281519097663	0.026321805533691435	0.05388309951151318
27.0	0	0.007941160881349949	0.013488470081889277	0.019106041209195818	0.02686188974249798	0.054818157774671014
28.0	0	0.008044440093210039	0.013716682734439916	0.019580879788013556	0.027398334734062404	0.05574074255730374
29.0	0	0.00817355814154857	0.013937118241487271	0.02006263327892734	0.027875676459589053	0.05665915402043648
30.0	0	0.008345869794795539	0.014253536719116182	0.02043356878683973	0.02832291065656109	0.05780928020147808
31.0	0	0.008424915372107	0.014551757861390546	0.02087448403089723	0.02888535163159882	0.058323128838062864
32.0	0	0.008507872993875364	0.014877484925667055	0.021335509096338287	0.029638292384773477	0.05874947454017081
33.0	0	0.008718203939401892	0.015168974177578601	0.021788808494836047	0.03022941738016311	0.05947194739178126
34.0	0	0.008892890109777934	0.015595527222302159	0.022212579329488433	0.03089889669379707	0.06037946551534761
35.0	0	0.008928951209060475	0.01592094119619473	0.02255843033248625	0.031807070696131916	0.060948135178685914
36.0	0	0.008963324278366195	0.016209705590091574	0.02290227734860424	0.03259722898698451	0.06173677643496269
37.0	0	0.008998988413311773	0.01663314389431492	0.023299656743967414	0.03316989808048611	0.06250886704799712
38.0	0	0.009042592239967282	0.017042603565407304	0.023949401437761857	0.03359849659935448	0.06317288154927647
39.0	0	0.00910362324386211	0.017259237548991356	0.024561625691080675	0.0346292249605038	0.06400933088313347
40.0	0	0.009170102943570416	0.017561350984449484	0.025111457546862174	0.03572832516921159	0.06504421309745403
41.0	0	0.009244367357988755	0.017907313336001728	0.02559317080978671	0.03646064365844007	0.06587019653410423
42.0	0	0.009329430507631001	0.018284146892314057	0.026160634369884972	0.037495006499339144	0.0676569482293009
43.0	0	0.009429110018710166	0.018707608799077263	0.026865789073919236	0.03818732799599618	0.0693899270043815
44.0	0	0.009470570228663393	0.01914484184501917	0.02760637572663034	0.03914219252522725	0.07013364033696425
45.0	0	0.009515404188150344	0.019753959476550606	0.028314108461083884	0.0400541917753011	0.07104813378529427
46.0	0	0.009674486132333958	0.020258349462970292	0.029112361735876353	0.04108879800310924	0.07217957611592021
47.0	0	0.009868502586100147	0.020684871140061515	0.029951108141033952	0.041807766829175606	0.07336527401258641
48.0	0	0.010182822927458264	0.021115539271675404	0.030667330361304874	0.04302254567424331	0.07493621616444324
49.0	0	0.010225099281325397	0.02168662213236862	0.03149570448261679	0.04411947379742384	0.07650345590647119
50.0	0	0.01027887463529589	0.022156775930464737	0.032203608071905164	0.04526409304515993	0.07830406285035674
51.0	0	0.010324438192739474	0.022842949759643214	0.032964366468497465	0.04615110562812378	0.08031104609227918
52.0	0	0.010345828912725659	0.023392031536120156	0.033725576460642816	0.04702462420584519	0.0818636488184469
53.0	0	0.010399227301590945	0.02391983294635507	0.034536235384401676	0.04790153989453331	0.0834409856007979
54.0	0	0.010494743944042645	0.02447066280306552	0.0352849443852115	0.04907401092936992	0.08513829558761642
55.0	0	0.01059423704822128	0.024713816674020714	0.036064238481100595	0.05019899086258305	0.0874921109480807
56.0	0	0.010736975839624288	0.025278651412345334	0.0368551200623201	0.05127368628179322	0.08865705442418256
57.0	0	0.010930202404265468	0.026093607162190616	0.037546330730139514	0.05260234986809175	0.08988187439566803
58.0	0	0.011126554905402077	0.026774721108306594	0.03837583533606438	0.05382846089721008	0.09151958628785292
59.0	0	0.011385269683951581	0.027068932310514184	0.0391466673889984	0.055171853730034005	0.09325031906135824
60.0	0	0.011808630852582545	0.027776783672256805	0.040109872266578736	0.05614596720247158	0.09500904603187764
61.0	0	0.012029183994682651	0.02842495551918677	0.04100042607904348	0.05717564307786811	0.09693310981239471
62.0	0	0.012207675984206058	0.029105487153534032	0.04203362438195973	0.05848545895859079	0.09878417871781715
63.0	0	0.012737093944364111	0.029698292934269368	0.042777312196027005	0.06027794724782015	0.10032488034794715
64.0	0	0.012922883070526584	0.03048219788961713	0.04358801505512307	0.061692434872773094	0.10175134418685557
65.0	0	0.01318524579871635	0.031107036267525312	0.04447219106667384	0.06296807256199508	0.10318873620601901
66.0	0	0.01333834941762834	0.03178965819656244	0.04542069451595644	0.06398089259471539	0.10477210940343766
67.0	0	0.013416953146681456	0.032406366313269104	0.04647497787435163	0.0653547970027936	0.10648749653417502
68.0	0	0.013467489203049863	0.03306343817336888	0.04784362427606332	0.06685311293215729	0.10848650847925553
69.0	0	0.013587927259581929	0.03401141442772258	0.0491179820896741	0.06847228632481005	0.11049288757265975
70.0	0	0.013928607812523102	0.03492225675765017	0.05003067099560145	0.06977488905289048	0.11312845014091329
71.0	0	0.01424087585744373	0.03551107095892062	0.05104991515934331	0.07122618236559088	0.11475169935781218
72.0	0	0.014721686987163056	0.03634430047288809	0.052220915148045145	0.07271662087344213	0.11678561132923956
73.0	0	0.015162872414350305	0.037238218853373244	0.05336810789595972	0.07417722488200904	0.11907963202867088
74.0	0	0.01545062567443831	0.038227169796049475	0.05454596082780428	0.07570048140844665	0.1212842790834759
75.0	0	0.01581599748432024	0.039071677480597186	0.055742436042711986	0.07697533776079252	0.12375428991589411
76.0	0	0.01617342262189419	0.03990913762304123	0.05668511400725605	0.07825675100973901	0.12606842575657623
77.0	0	0.016404021801096895	0.04074821745929557	0.057854967757224686	0.07946897758362961	0.12829728437163668
78.0	0	0.016458799380148662	0.041567249861253486	0.05890808201069353	0.08084449766874842	0.13102872426417436
79.0	0	0.01674351218513186	0.04254341148979821	0.0601528521092629	0.08211332909751876	0.1335494580900308
80.0	0	0.017247420563591905	0.043534005161555284	0.06120555772560661	0.08343968982638332	0.13568437102010505
81.0	0	0.017783262537380985	0.04426634184479991	0.062180767340722386	0.08512118988305811	0.1377637045863751
82.0	0	0.018411220429677987	0.04512322768172018	0.06338153707336883	0.08674383558363466	0.14082837127505354
83.0	0	0.01877894665598502	0.04593235289198525	0.06456645952786717	0.08850792675013283	0.14391356634057226
84.0	0	0.019140372875647363	0.04659179133226054	0.06557237832619583	0.09025401720270951	0.14680203131552924
85.0	0	0.019737567333609537	0.04753109488340177	0.06697306534243863	0.09182137809789698	0.14955396416507624
86.0	0	0.02055997643317808	0.04837044694201829	0.06857089395054765	0.09346809622743078	0.15224007411701543
87.0	0	0.021088957605888345	0.049500003144575755	0.07009921806555235	0.09539231658722722	0.1552012202310909
88.0	0	0.02160865721621392	0.050625008016743224	0.07178476881804584	0.09703739748091181	0.15823099993019074
89.0	0	0.02215722244287736	0.05162836708448506	0.073053037492924	0.09889097762904109	0.16056158896553666
90.0	0	0.02285936184526174	0.052547845352080326	0.07484292035284759	0.10074441894564941	0.16319858937684426
91.0	0	0.023581404979007386	0.05372352868518277	0.07600824937980911	0.10259772709909461	0.16540378664581984
92.0	0	0.024396075534586475	0.05457500642682521	0.07754674168630443	0.10445104425676628	0.16847751509842318
93.0	0	0.02504696071632833	0.055570863831924486	0.07937929552261705	0.10611886817634605	0.17176460022924908
94.0	0	0.025473715184579315	0.056553561608100586	0.08072994381032854	0.1079848488484419	0.17491719752404467
95.0	0	0.025608710584763602	0.057521919199633065	0.08207221936723375	0.11026311235640185	0.17789083091974572
96.0	0	0.025803082664377006	0.058760693652878296	0.08381148156581911	0.11234134221985646	0.18088082114370577
97.0	0	0.02599785853299964	0.05968527493141775	0.08520012312525374	0.11463062392542261	0.18345618139374872
98.0	0	0.02614359122702089	0.06082426939411116	0.08685241138908426	0.11678438923515289	0.18641455543206098
99.0	0	0.026628641056357264	0.06196952561615103	0.0883237352586204	0.1189338475344535	0.18964097971785704
100.0	0	0.026907695684545603	0.06309246237947241	0.08983039686866214	0.12100347132173613	0.19297277085716044
101.0	0	0.02715032630389296	0.06404435337709283	0.09130702928607506	0.12299402687240023	0.19641464756217275
102.0	0	0.027393775869251673	0.0650191842810781	0.0931487634744319	0.1248330770355743	0.20002341997986717
103.0	0	0.027794232153959885	0.06609311559572943	0.09484208642423518	0.12700988953170528	0.2032107988416363
104.0	0	0.028380767478891206	0.06777313385385104	0.096297980124169	0.12975324412447073	0.20657595554404906
105.0	0	0.02906457991177811	0.06890848224247843	0.09797933960819842	0.13167854938599988	0.20987281175622724
106.0	0	0.02981339176741677	0.07051255810988935	0.09974055251311226	0.13355279016060445	0.21312767082290293
107.0	0	0.030402418949270208	0.07166487200883856	0.10143948639757287	0.13600731972840774	0.21673706037638696
108.0	0	0.03093993639877116	0.07287132235134955	0.10301551992971938	0.1381958004045157	0.21985256128003042
109.0	0	0.031456882439898366	0.07436234777064073	0.10475385549483597	0.14026356847998214	0.2225203362149538
110.0	0	0.031979134923292796	0.07564119981211352	0.10641066103065369	0.14233235527489213	0.22577502860371915
111.0	0	0.03249253821708815	0.07710662427178681	0.10806722256781996	0.14475440577383852	0.22931013044442408
112.0	0	0.03299740552618725	0.07824189158693015	0.10994897513116655	0.14717509621335967	0.23300705796057766
113.0	0	0.033534002054352585	0.0795844001182641	0.1118020105257136	0.14967080430711646	0.2367146365352446
114.0	0	0.034487280981281045	0.08039001796780015	0.11351418031019193	0.1521146739743278	0.24025102256351066
115.0	0	0.03571028795830422	0.08164091259054966	0.1155344830493151	0.1545834245426804	0.24380324867163677
116.0	0	0.03695683796690104	0.08331304326676739	0.11750890666106517	0.1573167404716655	0.24735663065737107
117.0	0	0.03776262502134277	0.08452224641479554	0.11955749644609238	0.159525304761394	0.25101153711202506
118.0	0	0.03828441933383993	0.08576715543795237	0.12138911507505128	0.1621290070648198	0.254670704367585
119.0	0	0.038806433976669476	0.08722780630890524	0.12351863921808252	0.16494177642291571	0.25815842478164824
120.0	0	0.0394628394711501	0.08886399785434132	0.12540565851877716	0.16785631976558651	0.26164401629880596
121.0	0	0.04018258034126569	0.09009106274618063	0.12700814508893812	0.17074476029450394	0.2652301285123171
122.0	0	0.041082382792708594	0.09136671243492002	0.12898102192648334	0.17361653448073613	0.2689328706976337
123.0	0	0.041984937720971685	0.09284773754996503	0.13140507177618704	0.17643190361451952	0.2726402102250589
124.0	0	0.04288851802917658	0.09420906534171478	0.13356164303632917	0.17893752646716082	0.27634905046323727
125.0	0	0.04379383191290023	0.09607561030623006	0.13513790020016153	0.1813401253105875	0.2798013888108491
126.0	0	0.04470202524904275	0.09756067309500183	0.13735789267135265	0.18352232977730712	0.2832142102076719
127.0	0	0.04557579639815218	0.09930166983264138	0.13958501917099642	0.18611542858734162	0.286566564946391
128.0	0	0.04658910332628087	0.10056237701802442	0.14191079771881535	0.18863544145367203	0.2901242620427267
129.0	0	0.047471222143119524	0.10218064144966948	0.14389197514217808	0.19086446952407754	0.2932471652274739
130.0	0	0.04843165242094014	0.10366153377241412	0.14611300559738025	0.19375253985124494	0.2973187539509218
131.0	0	0.04930315250911904	0.10509101472242517	0.1484620705920421	0.19650011703107226	0.301269850813118
132.0	0	0.04999767662424631	0.10698223696726279	0.1507648280254547	0.1995669067908422	0.30521354412481244
133.0	0	0.050977156600639076	0.10833088265356569	0.15283591647517886	0.20190695004615355	0.3097069030669626
134.0	0	0.05131776118668247	0.10960698453962156	0.1552192911696028	0.20466442201805513	0.3143058791618682
135.0	0	0.05165834852397889	0.11114776401127911	0.15751597048635976	0.2072011982771138	0.31863762772425036
136.0	0	0.05208116345709308	0.11291324975007205	0.160045545818852	0.20949762151696746	0.3229004674064268
137.0	0	0.053155078374880475	0.1145037500126315	0.16221429631222647	0.2120446617078804	0.32705856681972556
138.0	0	0.05443243591010724	0.11602528998763398	0.16490747725113078	0.21455334724136912	0.33091519412045917
139.0	0	0.05578971343728042	0.11765505717543535	0.16716434731512658	0.217492329518798	0.3345927797973577
140.0	0	0.05693470252146269	0.11976905637896935	0.16938887140693	0.22056859560278944	0.33820785544639653
141.0	0	0.05756647380254394	0.12204415000552284	0.17161832091095924	0.2236989941514222	0.34182141683500006
142.0	0	0.05820064108308746	0.12364642698698576	0.1738494317789506	0.22668779996545363	0.34543672792553304
143.0	0	0.058837933338986896	0.12520565480558277	0.1761246494809916	0.23012896015113962	0.35006725022875257
144.0	0	0.059479318818558516	0.1270823236618622	0.17861390412146924	0.23262034980404003	0.3545215043335751
145.0	0	0.06012606038839129	0.12894414802825524	0.18122126673226654	0.23589412285892566	0.35897836154434565
146.0	0	0.06077981790903995	0.1305985225523261	0.18393374400779305	0.23874542857973532	0.36329353168602946
147.0	0	0.06149116242817456	0.1322675447236394	0.18673673167227178	0.24231401779856296	0.36751941138009603
148.0	0	0.06244339680089506	0.1339071458501629	0.18860683070581344	0.24555752844917542	0.3715930415966236
149.0	0	0.06436253595275866	0.13556139641737808	0.19032237629762738	0.24821037531630083	0.37587882454873744
150.0	0	0.06618100552818472	0.1372811089349015	0.1923816017589538	0.25137176508497444	0.3799977102617831
151.0	0	0.06720734521265168	0.13916898610556436	0.19511399989465358	0.25479758685907783	0.3841178476518344
152.0	0	0.06781279061995403	0.1409518585245674	0.19789419810878645	0.2584725919988731	0.38823833464601004
153.0	0	0.06871921893870034	0.14273908200980823	0.20074719204435107	0.26165465560003176	0.39254895480566115
154.0	0	0.07015191576682732	0.1450121012757226	0.20358146923350706	0.2647987995040837	0.39733684844257866
155.0	0	0.07166560161002389	0.14734805014567257	0.2061965960795319	0.2674263994380935	0.4015413462867141
156.0	0	0.07258743611401437	0.1495681811160255	0.208383444940041	0.27094227284309397	0.40497220291207897
157.0	0	0.07332963633183576	0.15165316516471058	0.21077797000811418	0.2739349099300592	0.40914290558450606
158.0	0	0.07420873113895944	0.1537376189024589	0.21345916983527644	0.27721846518881166	0.4130769685704369
159.0	0	0.07527463597926268	0.155716377570018	0.21596675288223005	0.2811010706310573	0.4178151703085452
160.0	0	0.07653285708485119	0.15747192373291208	0.2182864611850651	0.28490271246138094	0.42309110149692614
161.0	0	0.07781905346723506	0.1592238916688759	0.22065537722824463	0.28870875484725433	0.42836921215834
162.0	0	0.07911480392449693	0.16097475933053332	0.22374621717292484	0.29248176452550845	0.4336512671393117
163.0	0	0.07994807218856252	0.16297337838246476	0.2268650697027326	0.2962146026435731	0.43937454777439794
164.0	0	0.08078035336783533	0.16567330053590798	0.22960094521088922	0.2993329145464448	0.4456772034508494
165.0	0	0.08161263095375523	0.16739327496986986	0.23242951633451597	0.302451619861312	0.45158684050940334
166.0	0	0.08247578282751349	0.1694640233110326	0.2348511700880222	0.30559798319572523	0.4568508334274726
167.0	0	0.08357376822907714	0.17173034234347687	0.2374947188316225	0.309414478058858	0.4619521655533819
168.0	0	0.08499271691664811	0.17368065932461477	0.2408278385434427	0.3132113589716918	0.46737730775377473
169.0	0	0.08669193994725206	0.17556675425351329	0.2438057086437293	0.3170474395196608	0.4737911144703337
170.0	0	0.08859697553178703	0.17719882367413328	0.24700879590541094	0.3201288930947915	0.47930273577987476
171.0	0	0.09067352723257818	0.17932756580337864	0.24940237645900296	0.3231341016325957	0.4841986367057097
172.0	0	0.09214001838520272	0.1814843808678625	0.2521957184109058	0.32612720055309813	0.489098126790429
173.0	0	0.09360517922203028	0.18348295328917408	0.2557104676931718	0.3295638622077174	0.49374809726594915
174.0	0	0.09525099575320459	0.18550329381261108	0.25858339998210356	0.33306426761405616	0.49870492055772375
175.0	0	0.09684922756023936	0.18761993655202183	0.26165480926608103	0.33689796774230324	0.503934054899785
176.0	0	0.0981931549514378	0.18956655041053264	0.2645843638659894	0.3415336224790295	0.5089962023416905
177.0	0	0.09970358220243529	0.1916118853475276	0.26785791483615085	0.3450193960217103	0.5140454755443713
178.0	0	0.10121395920796307	0.19408766584582207	0.2714628455803455	0.348813641029202	0.5191117085035296
179.0	0	0.10272413121010653	0.1964148962753198	0.2745187529053803	0.3530576615741915	0.5241852174018637
180.0	0	0.10423430321224998	0.19883713080189971	0.27727889546308454	0.3561452030193118	0.5292606871074269
181.0	0	0.10574447521439342	0.201688475864491	0.28049166778748846	0.3591421153063634	0.534483633394306
182.0	0	0.10761139175062807	0.2040630360039866	0.2834692560672969	0.3626384425379081	0.5401131328735326
183.0	0	0.1091896439658948	0.2065894155711817	0.28612871814653285	0.366378347978586	0.5457462698946518
184.0	0	0.11044712990375216	0.2088876921080129	0.2886200930085017	0.3702651778706728	0.5513373335827847
185.0	0	0.11185906054645932	0.21119668712016587	0.29175841591009255	0.3737110040200728	0.556351566371034
186.0	0	0.1132953352251073	0.21370966391539262	0.2951730515794155	0.37724268129267846	0.5611297567558655
187.0	0	0.1148055803200442	0.2159004654025238	0.29838001433417527	0.3813398800115738	0.5657437579651126
188.0	0	0.11631596679806017	0.21817868856835168	0.30120214578497156	0.3853732684796076	0.570909271251986
189.0	0	0.11782659891193574	0.2205944603923754	0.3047206062947135	0.3894783289994906	0.5761409503497646
190.0	0	0.1193376578970652	0.22375234433565436	0.30808295666354485	0.3929386070125313	0.5814066502848949
191.0	0	0.12154720209673663	0.22630796005827103	0.31145220216263186	0.39631337473274186	0.5867146873933086
192.0	0	0.12265497471335574	0.22887285484712824	0.31487706245054664	0.40037925549648923	0.5920442092206772
193.0	0	0.12393726387358503	0.23157868462880013	0.3184453060603132	0.4041401627243394	0.597245104114516
194.0	0	0.12539702972812988	0.2341425913229093	0.3219895127906517	0.40788740926307593	0.6025029643655972
195.0	0	0.1269227756205649	0.23633490021731043	0.32555489973192453	0.41215353763308776	0.6078047378398075
196.0	0	0.12845962043330814	0.23944264675197155	0.3291782004431083	0.4164318032234452	0.6148582348164401
197.0	0	0.12961635298037716	0.24236612309002423	0.3324169572969211	0.42071089527240885	0.6216265448851894
198.0	0	0.13111576408767273	0.24476383183780315	0.33581168022229396	0.42447015655057496	0.6273602720855289
199.0	0	0.132875980606851	0.24728181365545274	0.33925321859059054	0.42853376419645967	0.6329709903398354
200.0	0	0.1346824693904488	0.24941655045881486	0.34268333515766713	0.4331187291707368	0.6386213869929994
201.0	0	0.13652516777554402	0.2521316462763759	0.3459515491044593	0.43739532797012015	0.644307091288507
202.0	0	0.1383893538095805	0.2548912948884156	0.3489110971109691	0.44188513098715004	0.650026140338354
203.0	0	0.1401970098509039	0.25727716193988376	0.35220925233583616	0.4466599724854145	0.655781227353317
204.0	0	0.1420061235085873	0.25987060060167605	0.3553381039515246	0.45145860627158346	0.6615667649919016
205.0	0	0.1438360141541833	0.26353342785995404	0.3586033917692898	0.45604357554679514	0.6673224714769668
206.0	0	0.1456902490746625	0.2661326980136402	0.3631552248735346	0.46012082158304024	0.6729386447536121
207.0	0	0.1473275891698189	0.2686239092329875	0.3663062262662155	0.4640842189192017	0.6793742227630856
208.0	0	0.14895178150694982	0.2706867832067257	0.369160399861398	0.467840871419502	0.6858505703109318
209.0	0	0.15058586959913092	0.2727497097453278	0.37203074244728185	0.47200713104227365	0.692162099737927
210.0	0	0.15222386061058374	0.2748127363594014	0.3756373006652131	0.47596683761312936	0.6979352923571568
211.0	0	0.15386447852372012	0.27687595262956366	0.3790599801000662	0.4799255768471296	0.7037084849763865
212.0	0	0.15550858765752795	0.27939267879250157	0.38171017876659324	0.4838835892913722	0.7094816775956162
213.0	0	0.15722390789294602	0.28254051400588087	0.3843721930308357	0.48784123930845696	0.7152548702148457
214.0	0	0.15860543015985498	0.28569917724170196	0.3882077228920304	0.49186847626899743	0.721028062834075
215.0	0	0.16011114086502568	0.2888729055426875	0.3920776048872619	0.49742974858254824	0.7268012554533035
216.0	0	0.16160647619398877	0.2919517750616637	0.39577807285108796	0.5019420583484582	0.7324772375887427
217.0	0	0.1631212161083036	0.2945247586857461	0.3998525127624389	0.506537126944917	0.7381092137676672
218.0	0	0.16466268628856973	0.2967066688178471	0.4035045934340711	0.5116286302111741	0.7445645421273724
219.0	0	0.16623977023254297	0.29921794775821636	0.40718920199164055	0.5167440092357598	0.7507498748353401
220.0	0	0.16781849739375526	0.3023838666288352	0.41069426527407515	0.5216284434378208	0.757730400131222
221.0	0	0.1693784801396213	0.30516645888162675	0.4138731483121802	0.5266017738481168	0.7643732272463177
222.0	0	0.17092167197892924	0.3077667325097881	0.417109910024087	0.5316321900349366	0.7697935961643272
223.0	0	0.1724499296333341	0.3117003094216312	0.4208024276360484	0.5350479215478344	0.7757827746544511
224.0	0	0.1739649791281953	0.3142741622178389	0.42464010669251373	0.5399591397834248	0.7828886898483572
225.0	0	0.17546839727649952	0.31704715778874176	0.42914971870076885	0.5448090738434229	0.7899931413224617
226.0	0	0.1769616046731186	0.320292517023052	0.43328739120026627	0.5485498027241337	0.7970960761698654
227.0	0	0.17844590157350457	0.32292487394307107	0.4372628027220109	0.5531810209822162	0.8041974448417973
228.0	0	0.17992244772898863	0.3255993961898956	0.44093871540612806	0.5581770305385082	0.8110048774741091
229.0	0	0.1813923161838154	0.3287269804768789	0.4451516816155875	0.5631120224915698	0.8177726979324461
230.0	0	0.18285656951354923	0.3315961084974721	0.4489060346760906	0.568045939286137	0.8245365763876572
231.0	0	0.18456731434858448	0.334500960210995	0.45351258118630877	0.5731104649671496	0.8312964293666402
232.0	0	0.186363527779203	0.33716450698659545	0.45733111642915764	0.5782724024140774	0.8380521806269015
233.0	0	0.18816080772192517	0.33992072841134624	0.4614518103177185	0.5835644460190949	0.8448037604816198
234.0	0	0.1899645258691193	0.34281073531938594	0.46514342597740016	0.5881304645849907	0.851453005648444
235.0	0	0.19190798484407384	0.34573866556916355	0.4687691507454063	0.5923100713938251	0.8575252349306022
236.0	0	0.19361101421311547	0.3489531627314062	0.47239331426434217	0.5965761328797743	0.86362377846019
237.0	0	0.19521030898811964	0.3520638891686605	0.47629655159641127	0.6024115251807516	0.8697542854836994
238.0	0	0.19688858151934568	0.3551753153863286	0.48026645670980916	0.6068482252132668	0.8759200069236364
239.0	0	0.1984374458175907	0.35876448672777617	0.4847913253818612	0.6128393366881875	0.882041195743399
240.0	0	0.2005786605020032	0.36325478637198244	0.489175787283292	0.6181083701922624	0.8879468730225298
241.0	0	0.20297920861204774	0.36653513068590066	0.4929847468399336	0.6224246902281576	0.8936836207637892
242.0	0	0.2048223287573197	0.36924235969576524	0.4965591438304795	0.6275606681691134	0.8994325518649674
243.0	0	0.20653549194975998	0.37194067734211084	0.5007833423411334	0.6324894377658339	0.9051805190777791
244.0	0	0.2082453488561934	0.3746307951791507	0.505473820995796	0.6372673982657083	0.9109263384185567
245.0	0	0.20995193611986343	0.37731339128485064	0.509134424588729	0.6421065017540967	0.9166699706309874
246.0	0	0.2116844888431085	0.38021096157642426	0.5139011599340402	0.6467929983289058	0.9226570395098515
247.0	0	0.21344190004114463	0.38427638044736057	0.5181256866647803	0.6515387386055449	0.9294386676668812
248.0	0	0.21519201200882748	0.3872016327437996	0.5220714290406081	0.6562720830025268	0.9362333547632318
249.0	0	0.2169349552712212	0.39077050273214936	0.5263099277321356	0.6609924716609843	0.9434657059478482
250.0	0	0.2188063604700663	0.3943236626049921	0.5308160395258807	0.6660098829843888	0.9512840197930637
251.0	0	0.22082793962841274	0.3977664380236234	0.5340340674145037	0.6710957886345295	0.9591058277170412
252.0	0	0.22305444113835213	0.4011586155470038	0.5379319919733252	0.6760130977970791	0.9662258122739953
253.0	0	0.2250469818496971	0.40468936037869896	0.5423240192681675	0.6814053505259529	0.9732549294115794
254.0	0	0.22734781404301393	0.40834201681675947	0.5467164738213272	0.6867976025926051	0.9802986427298889
255.0	0	0.22975006720658234	0.4121466888888326	0.550920376480351	0.6921898539463325	0.9873692191060404
256.0	0	0.2324297434593379	0.41541156066647916	0.5555046468905002	0.6971039897258193	0.9947630298660355
257.0	0	0.2349965539560896	0.41911218764946523	0.5604555501196838	0.7018665981385372	1.002445375095358
258.0	0	0.2375745940716062	0.4228881456851622	0.5651679745494844	0.7074730332436783	1.010148342155805
259.0	0	0.24016131424522436	0.4263416504348426	0.5689922653989399	0.7133353763750445	1.017884793940251
260.0	0	0.24270370089952825	0.4300141263445839	0.5729438151356713	0.7189486658834566	1.0256704001061192
261.0	0	0.2445048998392568	0.43371502584592886	0.5771347281455615	0.723841931427005	1.0335148280993414
262.0	0	0.24630528704137783	0.4376431099810112	0.581065783300323	0.7287756758521405	1.0413717503639808
263.0	0	0.24867550636130367	0.44118819039081913	0.5856669518836746	0.7337544749042696	1.049222988502253
264.0	0	0.25163587412494054	0.4450334093108996	0.5892904762414221	0.7387782030452714	1.0570231352259019
265.0	0	0.2544593307360506	0.44870318600722625	0.5933444759343742	0.743840399798239	1.0640636415005469
266.0	0	0.2563987851645508	0.45198186624843256	0.5982819384040531	0.7491201204137955	1.071107716709477
267.0	0	0.2583372701768652	0.454888936315662	0.602257800346367	0.7544811085337857	1.0781604023612668
268.0	0	0.26019160904566735	0.4588684152162008	0.6063550936554178	0.7600449557675777	1.0852323504222174
269.0	0	0.2620431270133893	0.4617248538764625	0.6108739074254699	0.76462314275582	1.0923427191119643
270.0	0	0.2637945777595814	0.4645835471858878	0.615494565477389	0.7703495189790863	1.0995246122964935
271.0	0	0.2655503883065699	0.4674466716553194	0.6193987564482716	0.7767982810327826	1.1068286457518515
272.0	0	0.2673119865550002	0.4706879157394829	0.6230493689004761	0.782556591761773	1.1142914015267147
273.0	0	0.26908113089462876	0.4754152594160847	0.627580335066101	0.7874412005367492	1.1218734787314368
274.0	0	0.2708598764080318	0.47879612323646425	0.631935778154817	0.7926369249614175	1.1295212817453981
275.0	0	0.2726504442509531	0.48223034872809456	0.6362676743763171	0.798257809831211	1.1372195555084472
276.0	0	0.2744681721992197	0.4857080845665902	0.6412383474491151	0.8031936024456177	1.1449514604811923
277.0	0	0.27748625701800134	0.4892284325528993	0.6460301286506055	0.8091235891608075	1.152704112171498
278.0	0	0.27980825780025226	0.4927997626892925	0.6508857415728176	0.8144825304702953	1.1604772128075134
279.0	0	0.2829439888362254	0.4964303604576964	0.6558314946314008	0.82003855504045	1.1682809953225435
280.0	0	0.2863068388785118	0.5001190300475441	0.6604851623717565	0.8257485448594127	1.1761321168604781
281.0	0	0.28931984949709966	0.5042023234831292	0.6647754736944917	0.8315236006912508	1.1845980102398022
282.0	0	0.29169232463811917	0.5089516222084832	0.66980185747874	0.8374075749740499	1.1936654101313997
283.0	0	0.29393612303720396	0.5126474221455963	0.6742412261940586	0.8433742250708117	1.202829126427909
284.0	0	0.2965139915586156	0.5163079053794245	0.6785348551232026	0.8493427976644145	1.2109200386993708
285.0	0	0.299180064443327	0.5207195623116162	0.6832685220086776	0.8557730480922601	1.2190444918134276
286.0	0	0.30189836055186636	0.5242066525140002	0.6876142653480323	0.8617388454724306	1.2272154891273381
287.0	0	0.3046633592485898	0.5280870896989847	0.6923784273396525	0.8672486999948885	1.236036676980619
288.0	0	0.3076194640606871	0.5315966469719705	0.6971048113982914	0.8732175877646857	1.2450948916708229
289.0	0	0.3106864066864091	0.535160839291771	0.7018081786583013	0.8781217097029066	1.2541618548144988
290.0	0	0.31381450910999764	0.5394177249151229	0.7065466179770454	0.8848154758320065	1.263228557444697
291.0	0	0.3169905266345404	0.5441521259491091	0.7113081192618343	0.8909540245474997	1.2722885031334819
292.0	0	0.3196500147724147	0.5479615118335589	0.7160812123405681	0.8964337952893706	1.2813487575912454
293.0	0	0.3223166814054279	0.5515437530484115	0.721883980141349	0.9023268902904311	1.290298483157547
294.0	0	0.3250280838454526	0.5551430104883068	0.7261395615033276	0.9083433705576243	1.2984651603051147
295.0	0	0.3277983223385431	0.5592581941241761	0.7317193275372609	0.9140146546360799	1.3066324357857444
296.0	0	0.3306185183636534	0.5631157966729354	0.7376229361546603	0.9201422187001056	1.3148007578367336
297.0	0	0.3334324623625596	0.5672599588880751	0.7431077062188617	0.9264358266630119	1.3229709670000906
298.0	0	0.3362518680358999	0.5718330582112447	0.7479102455665104	0.9311323639725981	1.3311444145712275
299.0	0	0.33863377027050734	0.5765504391504683	0.7515954390589871	0.9358270062331003	1.3393232558884829
300.0	0	0.3410201477036711	0.5804934378414068	0.75686195872345	0.9416788577201065	1.3475108815493648
301.0	0	0.3434253591748008	0.5841819185218926	0.7621707679847607	0.9475303521002585	1.3557125015418985
302.0	0	0.3457659621530632	0.5878800484930665	0.7659301868789864	0.9533815738127488	1.3639358084286393
303.0	0	0.34797710826003037	0.5919701340395165	0.7697257793121958	0.9592326342800194	1.372191401186709
304.0	0	0.3501929546115686	0.5964718482484009	0.775574503940735	0.9648224874462991	1.3804921512085206
305.0	0	0.3524156569983276	0.6008307563725559	0.781441919237243	0.9709349072450603	1.388850077481764
306.0	0	0.354745288216175	0.605043987784608	0.7873113505029806	0.9767865707760377	1.3967428031957887
307.0	0	0.35740849017485904	0.6087677343183715	0.7931808101859212	0.9824958315801515	1.4044487652364057
308.0	0	0.36016118082305554	0.6126986314448564	0.7990502698794836	0.9880769341653548	1.4121670284096601
309.0	0	0.3629548740714014	0.6166891640390181	0.804919729572848	0.9943481431246242	1.41988890469443
310.0	0	0.36579018246833955	0.6207494107045631	0.8107891892646356	1.0002061961897155	1.4276111773435425
311.0	0	0.36844064399417153	0.6248776139134343	0.8162598925810997	1.0067178729891946	1.4353335787646062
312.0	0	0.37105676461185727	0.6290556567480442	0.8215001865554556	1.012296393949589	1.4430562552459616
313.0	0	0.3736681245350759	0.6332571948991149	0.8267390209343111	1.0178075371571396	1.450779473264119
314.0	0	0.3762749584207464	0.6374643091826079	0.8319763680348774	1.0236894659784608	1.4585036876308046
315.0	0	0.37887749966738477	0.6416717927194598	0.8372122001411721	1.0295829297720611	1.4663871605764802
316.0	0	0.38147601395601494	0.6458791510258294	0.8426725529215057	1.0354913606496998	1.4751461541311592
317.0	0	0.38407081729200343	0.6500072656001965	0.8476792012080975	1.0414189359011141	1.4839242872121896
318.0	0	0.38666231039716703	0.6542935056606246	0.8529102975373803	1.047370578910404	1.4927352282673167
319.0	0	0.3892510415384601	0.6585006192356365	0.8591655512904479	1.053351829784648	1.501595792303014
320.0	0	0.3918378185499175	0.6627078372276843	0.8652936528993934	1.059368502749231	1.5105244426565518
321.0	0	0.39442390466639543	0.6660414545920457	0.8706931266387492	1.065576514274915	1.5198290317509036
322.0	0	0.39715783169671387	0.6710427543707362	0.8760870189967066	1.0722517289096218	1.5292575907220909
323.0	0	0.4001517636864208	0.6750887056845042	0.881475089417357	1.0789296977580558	1.5385935877631638
324.0	0	0.40322048962137336	0.6791349386636986	0.8868571142658641	1.0856099486487751	1.5479340127153915
325.0	0	0.4058076322098283	0.6836315261303277	0.892232888154478	1.091336891235765	1.557278873381254
326.0	0	0.40850067169072085	0.6881472714051339	0.8976022250036969	1.098499478291073	1.5666302979381208
327.0	0	0.41126581016793107	0.6926963537757348	0.9029269455238781	1.1047752596684461	1.575991726010568
328.0	0	0.414118881491302	0.6972979887229969	0.9075451419173413	1.1114440498288298	1.5853674624702916
329.0	0	0.4170660613705101	0.7010424614407609	0.9128319433894273	1.1163416272030606	1.5947619675679867
330.0	0	0.41984263881321887	0.7055721940093991	0.9181070754981813	1.1214689741954957	1.604178359128895
331.0	0	0.4223308697590521	0.7104460972967873	0.9233634054847117	1.1277432339110207	1.6136162547025636
332.0	0	0.4249050083459973	0.7157718630068998	0.9295217639619132	1.134015310297435	1.623070460135084
333.0	0	0.42750154905958354	0.72109632408845	0.9349968657560545	1.14028510291844	1.6323580555612611
334.0	0	0.4301107380101916	0.7255255675577966	0.940311101869788	1.147302518928822	1.6425574242166143
335.0	0	0.43273415921993996	0.729777123636501	0.9456184618323269	1.155114027336373	1.6525948735165352
336.0	0	0.4354942532094345	0.7340440250461521	0.9509190860734408	1.1614026342626511	1.662615467494536
337.0	0	0.43850597538526426	0.7383078821275348	0.9562131831214813	1.1690623338956976	1.6726304529634264
338.0	0	0.4414923504549361	0.7425469319088565	0.9624563279107078	1.177405991314316	1.6826397006577531
339.0	0	0.44468620291918587	0.7467923860502829	0.9675838574553327	1.1857496416313376	1.6926432620700416
340.0	0	0.4479195524128088	0.7519006198602051	0.9727654863411317	1.192641364370682	1.7026419129637302
341.0	0	0.45113172474008395	0.7569979284036648	0.9780110008725731	1.199352584324208	1.7126365591083539
342.0	0	0.45433862938480746	0.7610908073503238	0.984133245345244	1.2058924092345678	1.72262774256121
343.0	0	0.45739750090924597	0.7659384114589657	0.9908800002051942	1.2120057161817055	1.7326165551643835
344.0	0	0.4602576684019439	0.770739474816078	0.9973326532729471	1.2181041119008151	1.7426051017704205
345.0	0	0.46312873445641023	0.7744872598932941	1.0034949970551845	1.2242352522607207	1.752597312932921
346.0	0	0.4660085750641285	0.7782303366606853	1.0093041574934316	1.2312537497108782	1.7626582309533056
347.0	0	0.46898264687762453	0.7820169178193048	1.01496065601342	1.2384002327812598	1.7733437999064638
348.0	0	0.4720806413075252	0.7867632641452733	1.0207826122818653	1.245576494127763	1.7840277749274565
349.0	0	0.4751871203108847	0.7915640611072242	1.0264113201786442	1.252798443119617	1.7947111027483593
350.0	0	0.4785112522552461	0.7963520941227163	1.031856392563173	1.2599097349303776	1.8053952261574384
351.0	0	0.48184625469531195	0.8011664661487843	1.0371486008015782	1.266539037970024	1.8160823688558405
352.0	0	0.4851458714628332	0.8059958264269802	1.042556647586105	1.273087980470686	1.8267758119941584
353.0	0	0.48840278934792125	0.811049985445482	1.0482096468752498	1.2796149808555006	1.8374796250073822
354.0	0	0.4916657559243726	0.8157313855449115	1.0538626461643945	1.286139558418141	1.8481967377225532
355.0	0	0.49497795480514795	0.820659760294539	1.0595156454535393	1.2926616943671334	1.8589246169964835
356.0	0	0.49836942714987287	0.8244206264835815	1.064864618102094	1.299369451481319	1.8695733055502235
357.0	0	0.501819674101702	0.8295609474733151	1.0699553450630281	1.3065683145242566	1.8796685191350684
358.0	0	0.5053198236214406	0.834701267559979	1.0751248110986833	1.3131901066116538	1.889776137819358
359.0	0	0.5088376776560602	0.8398415715853541	1.0814534717994673	1.32094819897586	1.8999474438960577
360.0	0	0.5123565759637124	0.8445052668783867	1.086503461726522	1.3289934288612788	1.9101644116269485
361.0	0	0.5156569646026186	0.8487395994769945	1.0922897247062429	1.3370390348941377	1.9204105241130756
362.0	0	0.5188895832742652	0.8529673914705592	1.0990766776325023	1.3443534012297689	1.930743864174049
363.0	0	0.5221243920461619	0.8571878126447801	1.1047396397666973	1.3504929939368917	1.9411963598289717
364.0	0	0.5247847215093889	0.8633096187259688	1.110392639055842	1.3588434138351189	1.9515582576290091
365.0	0	0.5273432779791698	0.8687778001003065	1.1160456383449868	1.3681117169896448	1.9618157162497394
366.0	0	0.53027960234734	0.8735186774365881	1.1220403026612888	1.3744372380657375	1.97198498766363
367.0	0	0.5334282970813918	0.87827601138679	1.1284051759768035	1.3808210729508754	1.982101462739892
368.0	0	0.5368064112350462	0.8830537302747454	1.1344195897786107	1.3873323745214665	1.9922111005382215
369.0	0	0.5402153657862611	0.8876985292781223	1.1408070348924717	1.3937831094754785	2.0023505672314865
370.0	0	0.5436623091892193	0.8923948999621281	1.1480283601472236	1.4011665193969784	2.0125270899812113
371.0	0	0.5471507560922539	0.8975552604319514	1.1541057448495533	1.4076966495474583	2.022714931488774
372.0	0	0.5506777867999001	0.9026718136017148	1.160242578959861	1.4136957074363246	2.032888303541555
373.0	0	0.5540180102758193	0.9079225608791488	1.1664957922334767	1.4196975327046355	2.043046654654116
374.0	0	0.5570021184765335	0.9131116578366351	1.1718277308423113	1.4257031434469443	2.053203646824944
375.0	0	0.5601702222117958	0.9182309336218296	1.1777235770874483	1.4328359242007416	2.0633661150045253
376.0	0	0.5632230099862603	0.9233234894298764	1.1836135349769716	1.44043492133675	2.0735417577172814
377.0	0	0.5660286797351014	0.9284060029140782	1.1891771875010346	1.4482094582192797	2.0837406228198474
378.0	0	0.5688444879047037	0.9334847590854741	1.1953754847926596	1.4560517568195814	2.093855905135083
379.0	0	0.5716721163068978	0.9385627992348967	1.2012473439690383	1.4639909234601745	2.103784085914082
380.0	0	0.574512169054449	0.9436401114273472	1.207113048465495	1.4720459206132184	2.1137314269431378
381.0	0	0.5773634585949489	0.9487166837145745	1.2129725463703034	1.480205198664403	2.124372558387756
382.0	0	0.5802229680695052	0.953914294231004	1.220323987349187	1.4884336526994715	2.135269559781976
383.0	0	0.5830910971303597	0.9593148791457918	1.22795620222802	1.4950865293225655	2.146225493550634
384.0	0	0.5860402277989923	0.9653414739232259	1.234581417829706	1.501635350678368	2.1572597567845406
385.0	0	0.5889358988682422	0.9714158312960921	1.2409269889570727	1.5099621156414904	2.168375823616748
386.0	0	0.5918681410304726	0.9764570588405003	1.2474081644460153	1.5176934487306486	2.179566436890829
387.0	0	0.5954083296015893	0.9815012535860452	1.2538936328466188	1.5247587050351201	2.1905773996796323
388.0	0	0.5989388790313556	0.9865507410959321	1.2597002205319066	1.5318454812447928	2.201456799970837
389.0	0	0.6024637602045437	0.9921712948900184	1.2646718532444103	1.5389482869377495	2.2123921503282595
390.0	0	0.6059893760117684	0.9973411382635515	1.271046136711499	1.546072087242679	2.2229836034444395
391.0	0	0.6095351308466556	1.0027457287635992	1.2784267074152167	1.553228692965881	2.2335144422231052
392.0	0	0.6134082276502062	1.008175794325791	1.2865267269456733	1.5604369232630386	2.2440415608305586
393.0	0	0.6173853059762675	1.013304199996873	1.2941177735986613	1.5681551541781655	2.254564846137352
394.0	0	0.621379805589041	1.0183214622238637	1.3005573355929485	1.5766589081447546	2.2650841810944073
395.0	0	0.6253927401297513	1.0233198958252268	1.3076854886555072	1.5844098707762968	2.2755994444203513
396.0	0	0.6294287994825958	1.0287950218905197	1.3139557027253819	1.5928200442362621	2.286110510486822
397.0	0	0.6334939938237453	1.034377673790408	1.3209006858354448	1.6025709760741518	2.2966172492112733
398.0	0	0.6375954449833882	1.0395178735924535	1.3265047990832997	1.6113878009013802	2.3071195259341013
399.0	0	0.641485914038161	1.0443475773573951	1.3327882123120465	1.6202637549199785	2.317617201245968
400.0	0	0.6451487295052288	1.0489316587026525	1.3390832125905414	1.6275682941760399	2.328111617740186
401.0	0	0.6492055564515635	1.0537299361321737	1.3460947790001776	1.63451118978485	2.3385463591434386
402.0	0	0.6535313414873207	1.0589012356520513	1.352572900256713	1.6429020395670084	2.348931755715304
403.0	0	0.6581635892980635	1.064137905326224	1.3590259729844123	1.651309948030689	2.359314597252713
404.0	0	0.6632058067564165	1.0698762462610458	1.3646009144922036	1.6597132917186666	2.369694834402849
405.0	0	0.6680719564445008	1.075598217998021	1.370969852758396	1.6681117837113104	2.3800725155099425
406.0	0	0.6729869229658588	1.0813044582849298	1.3767457815795647	1.6765344582786799	2.390449314783212
407.0	0	0.6779093684980502	1.0869956013337718	1.384490370374926	1.6853354098945366	2.400825169780737
408.0	0	0.6828304659965523	1.0926722746613968	1.3899838974200296	1.6941358302763208	2.411200004393256
409.0	0	0.6869625983778598	1.0981866787041126	1.396305452401032	1.7029357177726727	2.4215737416754517
410.0	0	0.6910173704006539	1.1035736879436762	1.4023328629353997	1.7101186555729935	2.432568872266118
411.0	0	0.6950709983372765	1.108977013932347	1.4078231056623691	1.718373670462167	2.44366470211935
412.0	0	0.6993992321876301	1.1144087307237431	1.41331895903908	1.7266269353021435	2.4547785257535653
413.0	0	0.7039474208752136	1.119884361250193	1.4190617308539948	1.7340834575974093	2.465583363879691
414.0	0	0.7085216328739289	1.1254190739686674	1.4256500419241085	1.7415399805386822	2.476411366784373
415.0	0	0.7131304747341297	1.1306842332281621	1.4329717056355413	1.7489965034905668	2.4872686744968835
416.0	0	0.7179407116530707	1.1353295692892174	1.4397137960682187	1.7564530264424996	2.498153858533629
417.0	0	0.7226831364279137	1.1400700845469907	1.446711335586489	1.7639095493944323	2.509056868654535
418.0	0	0.7273338360423641	1.1453739636747968	1.4532264030732456	1.7713660723463651	2.5199697044904035
419.0	0	0.7319832628425604	1.151370003714709	1.4585704882795285	1.778822595298298	2.530889734751427
420.0	0	0.7366293191748655	1.1574184268676178	1.4653661862838578	1.7862791182502307	2.5418148607292355
421.0	0	0.7412707227986421	1.1635347608073259	1.4741914939976104	1.794478454927897	2.5527506180573463
422.0	0	0.7459061528891544	1.1697333794398017	1.4802725825409608	1.8023178209447772	2.563712188549937
423.0	0	0.7505341724059119	1.1759606575743038	1.4867282226738987	1.8108608158980157	2.5747174118640586
424.0	0	0.755410069862214	1.1819869843499633	1.4932718760672812	1.8197706202039152	2.5857750630893963
425.0	0	0.7602187504423042	1.1874986628016357	1.501528020808293	1.8286799556645805	2.5968602501303955
426.0	0	0.763777078904666	1.1930043143491906	1.5098789874654603	1.837590318705658	2.60795009274048
427.0	0	0.7678485333330808	1.1985042272092956	1.5183118816971182	1.8463457108580439	2.619036503764604
428.0	0	0.7719397029941782	1.2039986726906693	1.5255650301607304	1.8549835953871507	2.630118601733447
429.0	0	0.7760456556402514	1.2098060267073503	1.5318840459820842	1.8636497923665856	2.6411963084912236
430.0	0	0.7801635477172214	1.2156106646783345	1.5386252045431685	1.8726127960793584	2.652269566712084
431.0	0	0.7838288886018501	1.2211255072397202	1.5450743487521896	1.8813774969668395	2.663338326437209
432.0	0	0.7870204044467054	1.2266269283673663	1.5515234929612107	1.8895974469718333	2.6744025450298183
433.0	0	0.7905961130292307	1.232116096218285	1.5593521791722798	1.8981660679647192	2.685462187106192
434.0	0	0.7946990746848037	1.2375939962233302	1.566455110664827	1.906830265399572	2.6965172244326543
435.0	0	0.7993809506798	1.2437443009908382	1.573368207482014	1.9155452344411543	2.7075676357914964
436.0	0	0.8041057001805757	1.25036930421513	1.5794761706663638	1.923374989201933	2.718613406818849
437.0	0	0.8088315632331924	1.257048750217965	1.5862683659318417	1.931159400166653	2.7296545298175223
438.0	0	0.8133303377897015	1.2644262137326026	1.5934937210736264	1.9396058613813734	2.7406910035477923
439.0	0	0.8174332299103032	1.2698319493198253	1.6017097532301148	1.9480997207135184	2.7517229255728366
440.0	0	0.8222602453760625	1.275291764280843	1.6101118472056322	1.9563608906270131	2.762750407281971
441.0	0	0.8270887550217761	1.2808140794307108	1.6185122446548807	1.9652031452618115	2.774036595791272
442.0	0	0.8319199294118793	1.28658217151195	1.6259019280832143	1.9737957133962738	2.785422099553045
443.0	0	0.836755826809859	1.2928300937837094	1.6326619566128613	1.9824305950155148	2.796844599202601
444.0	0	0.8413125614358663	1.299144385486284	1.6397766526250475	1.9911134709944085	2.808315040498606
445.0	0	0.8458465814605527	1.3056577371637772	1.6470282529386986	1.998667474738116	2.819838208481336
446.0	0	0.8503806462058588	1.3112180551720183	1.6550762495500428	2.0071602663091	2.831405836713193
447.0	0	0.854940902723872	1.3168459778989474	1.6604041372477472	2.0168445676966003	2.8429982135204614
448.0	0	0.8601850245016666	1.3220848631014663	1.6665170836516139	2.0262372499532293	2.8545986848387592
449.0	0	0.8647504184158681	1.3277015205641314	1.673337356487236	2.0357865101375783	2.8662025589951714
450.0	0	0.8692385446522116	1.3338551344800382	1.6799426272675821	2.0448099230945305	2.8778112410502312
451.0	0	0.8737670282449379	1.339780335439517	1.6871433684079329	2.051890773140752	2.8894278724565168
452.0	0	0.8783149980206152	1.3452953380835158	1.6941636011543044	2.0605989882394584	2.9010557394762233
453.0	0	0.8828718683943994	1.3514055911017497	1.7011063637482144	2.0698678132312787	2.9125944688459544
454.0	0	0.8874362656302283	1.3577827215567488	1.7079413152654128	2.0780099306707207	2.9241569077389764
455.0	0	0.8919419071793352	1.3636582158970245	1.715484917764837	2.086190068330846	2.9357437883579873
456.0	0	0.8960320864395384	1.3695363947444075	1.7226064072405303	2.0938836517130115	2.9473465045482876
457.0	0	0.9001681831317767	1.3755677817230976	1.729731405881981	2.101566326472457	2.958959439679428
458.0	0	0.9043541834238523	1.381564801000031	1.736862331177278	2.1101361238744167	2.970577250577118
459.0	0	0.9085861945060673	1.3876502367098138	1.7450047725375932	2.1191797125027914	2.9822253351152557
460.0	0	0.912857038584422	1.3936132694544754	1.752401224725126	2.127426272212146	2.9948462341294046
461.0	0	0.9171564070907833	1.3997691378028894	1.7598893143612704	2.135672831853387	3.007476556448625
462.0	0	0.9214663509127524	1.4059250061513033	1.7674333371404607	2.1451067647949147	3.020121865934542
463.0	0	0.925771740820266	1.4120808744997173	1.7749882385371862	2.1548613924755773	3.03278928920317
464.0	0	0.9300725393462821	1.418147220714313	1.7825433996742595	2.1646775737143376	3.0454855467002493
465.0	0	0.9343803046473522	1.4241468269561868	1.7900985556572984	2.1745218276258527	3.0582119386457145
466.0	0	0.9387241725277201	1.4301815549374692	1.7977900121266426	2.184374517108417	3.0709602240788385
467.0	0	0.9431247561756276	1.4360381365911667	1.8060505508674958	2.193487863852632	3.083716974672439
468.0	0	0.9475881077214774	1.4422425932146037	1.8127639892148542	2.2021986761738224	3.096474615856887
469.0	0	0.9521147130896569	1.448663507918222	1.8203191206578917	2.210834664611334	3.109234689424875
470.0	0	0.9567043925644331	1.4550850070320172	1.8278744093671846	2.2193162313740418	3.1220006848304163
471.0	0	0.9613507258803281	1.461329083942432	1.8354300047148722	2.228273450142581	3.1347797556588626
472.0	0	0.9660018135149423	1.4674860094911644	1.8425426008324037	2.237041909266204	3.1472385341184075
473.0	0	0.9706570306218137	1.473643584214279	1.8496275604508858	2.2457527128755417	3.1595727095065955
474.0	0	0.9753246695693063	1.4798021601455775	1.8572811776780545	2.2544635143452783	3.171978564775509
475.0	0	0.9799942971573199	1.4859622783528024	1.8646049844223826	2.2631743135232774	3.184459667492137
476.0	0	0.9846617641746307	1.4921247678674228	1.8713008720925393	2.2718851102480717	3.196983823967027
477.0	0	0.9893263583465445	1.4982909500100927	1.8785832988231452	2.2805959043483983	3.208733252316869
478.0	0	0.9939880756984368	1.5035079389315675	1.886315370384892	2.2893066956427117	3.220179582542934
479.0	0	0.9986469645008161	1.5085470685221964	1.8950847377362277	2.2980174839386844	3.231184337390392
480.0	0	1.003303069486137	1.5137074199049325	1.9038149892426786	2.307062097423171	3.241792995947974
481.0	0	1.0079564383186534	1.5199551468556143	1.910437551305659	2.3161837364888473	3.2524009716413067
482.0	0	1.0126071225451796	1.5262038412977172	1.9166907756434746	2.3253057950214653	3.2630082546299217
483.0	0	1.0172551790590239	1.5336053185049343	1.9243918847195944	2.3344278535914	3.2736148350955636
484.0	0	1.0219006723194166	1.5392368110381032	1.9314445798301338	2.3438642698036247	3.2842207032455097
485.0	0	1.0265436776830867	1.5470193816117828	1.939229437736283	2.3540278263565173	3.2948258493158606
486.0	0	1.0311842863695497	1.554716500140477	1.9470119679072422	2.3639714538883436	3.3054302635748147
487.0	0	1.0359029920961325	1.561211014196341	1.9547894490131252	2.3743608946440355	3.316033936325909
488.0	0	1.0407245589665344	1.5677373807474597	1.9625532260743686	2.3833965679283793	3.3266368579112338
489.0	0	1.0455464372832248	1.5742781989979726	1.9703082525404187	2.392846790359532	3.337239018714617
490.0	0	1.050369869942702	1.58082624211344	1.978061475274147	2.4012648356672184	3.347840409164772
491.0	0	1.0551957048895415	1.5873818745346397	1.9858124105313961	2.4112755292398083	3.3605435849876266
492.0	0	1.0600252160438295	1.5939478741659259	1.993689219604237	2.4223101557022493	3.372868339163194
493.0	0	1.0648602340899913	1.6005280901172907	2.0013877944260723	2.4331066797856042	3.3843346633523503
494.0	0	1.069703396956594	1.6071275048682423	2.0090863692479073	2.4420592804445853	3.395800617961259
495.0	0	1.0745584394724261	1.6125622406042028	2.0167969877255825	2.451180485883153	3.4075511690918705
496.0	0	1.0794305094000853	1.617100132083585	2.0252416509808597	2.4593423177855085	3.4205940356909275
497.0	0	1.0843264144800802	1.6248070803740293	2.034664948438517	2.467502135326598	3.43364999927177
498.0	0	1.0892545906203175	1.632553419537339	2.0440882064999255	2.4762464372280317	3.4467275717734496
499.0	0	1.0942244322013068	1.6403437434430899	2.053511478956546	2.484332178545807	3.4598392983397113
500.0	0	1.098736941007336	1.6474766997165504	2.06154831616511	2.493194600438426	3.4730012998687467
501.0	0	1.1031785089669353	1.6543476352501398	2.0694110173841342	2.5048228649312567	3.4858133544489704
502.0	0	1.1076335676607874	1.6610355700863861	2.0772685813468703	2.513789376634053	3.498530593460719
503.0	0	1.1121024263048853	1.6664246783412704	2.0851207235093656	2.522756064101968	3.5113376193547423
504.0	0	1.1165815556276928	1.6734610678121897	2.0929671766000966	2.531723044721784	3.5242051208660334
505.0	0	1.1210649448760936	1.680645010114017	2.100543675946225	2.540690518764245	3.5370764351724144
506.0	0	1.1255480830822355	1.6868783497400857	2.1076961928125244	2.5496588303583003	3.549888913349984
507.0	0	1.1299762364776906	1.6930848272499397	2.114900878111874	2.5586285743967023	3.5626148581699995
508.0	0	1.1344028195880982	1.6995881816188478	2.12322205532676	2.5676007839471287	3.5752901995355173
509.0	0	1.1388281062401324	1.7072216453895084	2.131543232481632	2.5765772573654724	3.5879470320207307
510.0	0	1.1432524824292833	1.714103272364309	2.1398644095676596	2.5855611226396205	3.600607995567741
511.0	0	1.1476764984159198	1.7206306401560578	2.147715068235876	2.5945577867445215	3.613296487553591
512.0	0	1.1521009397343747	1.7271928295789554	2.1555090094535743	2.6036462223923524	3.626015036772573
513.0	0	1.156526917122638	1.7338091131743034	2.1632958726122866	2.612632270714312	3.6383903874653885
514.0	0	1.160955989350609	1.7404985250339058	2.171993781217663	2.621748634313003	3.6507975540407513
515.0	0	1.1653902020387175	1.7472613657147118	2.1807371599085315	2.6309572234715897	3.6632294281053093
516.0	0	1.1698320707825776	1.7540061658812018	2.1885213162011	2.6402902578451433	3.675706571532498
517.0	0	1.1742843002209356	1.7607326954893232	2.1970235008580756	2.6497599814455866	3.6882521656114773
518.0	0	1.1788185922649264	1.7677754900980793	2.2064349738586113	2.659340935306009	3.700883916030177
519.0	0	1.1835086067857898	1.7751551177981773	2.2147614621659293	2.6686551381053447	3.713597754520083
520.0	0	1.188226192658212	1.7825624108062874	2.2230919743020103	2.677885484092364	3.7263573727572976
521.0	0	1.1929610280704126	1.7899852212210525	2.2314379899624175	2.6872013981122858	3.739119798291689
522.0	0	1.197702948446904	1.7974245118475738	2.2398254243971043	2.6966188975095284	3.751869634988621
523.0	0	1.2024470043200715	1.8040149531544925	2.2483099943818683	2.7061436869321502	3.7646010520784463
524.0	0	1.2071929508676373	1.810728390439874	2.2573755462314913	2.715766427376457	3.7773097234583517
525.0	0	1.2119425874578935	1.8169760943145954	2.268263561515128	2.725461521229541	3.789992067271172
526.0	0	1.2166991455580674	1.8234998447899435	2.2791515278255496	2.7352087311431954	3.802649170312735
527.0	0	1.2214679643539061	1.8300327606072693	2.2898812325648823	2.7450172145070093	3.8153039034258582
528.0	0	1.2262575129398094	1.8365677898772024	2.2968905761142087	2.755993382921257	3.8279564220841187
529.0	0	1.231080251379619	1.8431030491530271	2.303899494369474	2.764830770211273	3.840606931714932
530.0	0	1.2359518550326367	1.8496383172209931	2.310907985948935	2.7748217203578758	3.853255834502589
531.0	0	1.2408859344740246	1.8565978356210326	2.318427913238038	2.784846195639577	3.8659039729390545
532.0	0	1.2458823094671865	1.8641390908872295	2.327456804262416	2.794885463545575	3.878553218943403
533.0	0	1.250918514304577	1.8718206501443668	2.334798999802665	2.8053735537805418	3.8912076621503036
534.0	0	1.2559434224591468	1.8795428898059554	2.343782649494173	2.8160075181032767	3.90387628849216
535.0	0	1.2609508015638442	1.887101577327288	2.353097327149046	2.8267466617414527	3.9165779236714164
536.0	0	1.2659394408658207	1.8937312399491362	2.362454139568612	2.837637565291866	3.9293469181722678
537.0	0	1.2704489335785771	1.9015506537458953	2.3718598640958137	2.8485703562917384	3.942225576287975
538.0	0	1.2749556339359454	1.909118768020256	2.3813196642661456	2.8581826597521176	3.9552152985515208
539.0	0	1.27951801934209	1.9164168720619332	2.3908354736253092	2.867867277971694	3.9682505745544496
540.0	0	1.284100794935978	1.9241528852085887	2.4003694910379294	2.877610844879139	3.981298670813625
541.0	0	1.2886861516139991	1.930651947940621	2.4098997218734604	2.8873815033208503	3.9941876794492677
542.0	0	1.2932691500580111	1.9371474494862937	2.4194262012847005	2.8971554244504016	4.0071003000559315
543.0	0	1.2978495490559014	1.943823840612915	2.4279112092564232	2.9069276848946215	4.020045603609661
544.0	0	1.3024275709669468	1.951714825594677	2.43609244866779	2.916296356583906	4.033034102105391
545.0	0	1.307003990835853	1.9596058105748182	2.4436458644504886	2.9254953636588876	4.046076463879583
546.0	0	1.3113614684550272	1.967496795550653	2.452781756917944	2.9347248795847274	4.059181169467074
547.0	0	1.3155016588819677	1.9753877805156628	2.461156651932809	2.9440018908452434	4.07235164330516
548.0	0	1.3196367033161982	1.9832787654548443	2.4694710527864303	2.954787064692251	4.085585034067741
549.0	0	1.3237667663104526	1.991169750335375	2.4777092360089594	2.9646625454815436	4.098875230099967
550.0	0	1.3278921500194314	1.9984059378353953	2.485911965951631	2.9744968800631413	4.112219325739658
551.0	0	1.3320132900299482	2.004621216561875	2.494434376761715	2.984445861086115	4.1256208300487
552.0	0	1.3361307566353686	2.0122392746728113	2.50276816211215	2.9944657873531986	4.139084743745973
553.0	0	1.3403029126725428	2.018852193014022	2.5111134149999574	3.0045063451633176	4.152610050503851
554.0	0	1.3447764720586834	2.024885585367432	2.519475219922357	3.013226577777502	4.166188529580425
555.0	0	1.3492559248132419	2.0325778214913104	2.527860605121275	3.0239990165866173	4.180436667534508
556.0	0	1.353743516938386	2.040810904544924	2.5362789380854447	3.033734175231546	4.194760417862166
557.0	0	1.3582421111670684	2.0476132734027552	2.544742004719089	3.0434641185501894	4.209059689993399
558.0	0	1.3627552031748198	2.0531573521722506	2.5532632809376725	3.053192613274262	4.223368746929984
559.0	0	1.3672867865778302	2.0607488502962643	2.561855693022811	3.0629196824732086	4.237685391427824
560.0	0	1.3718409711468507	2.068374056396196	2.5705273467321184	3.072645348756205	4.252004941668227
561.0	0	1.376421168148464	2.0757660185457563	2.5786507170986726	3.0826985886397082	4.266329077034926
562.0	0	1.381028943724759	2.082487829682262	2.5863993795846323	3.092144909962789	4.280660134856452
563.0	0	1.38566281862277	2.0892066846593385	2.5941435520413796	3.1018141482463717	4.295000794221325
564.0	0	1.3903178233768283	2.095922376349708	2.6018831034846492	3.111534417924619	4.309353941079114
565.0	0	1.394986718483697	2.1026347251055824	2.610016718366326	3.121253388881525	4.323722308144056
566.0	0	1.3996627878073633	2.110722252729523	2.6212854657093656	3.131258971023432	4.33810795872995
567.0	0	1.404342358546846	2.1190244254090596	2.6313195758714296	3.141394171750567	4.3525118417228645
568.0	0	1.4093569484101958	2.1273891106718885	2.6411314207108223	3.1504044258795805	4.36693397209664
569.0	0	1.414456975786392	2.1357805520767132	2.6492523875248675	3.1601215925738564	4.381375272689264
570.0	0	1.4195572721055854	2.142724552880487	2.657404946408233	3.169840116228603	4.395841145686542
571.0	0	1.4246581633479245	2.1489601746760116	2.665576204382402	3.1795611967300443	4.4103463384397825
572.0	0	1.4297602154735145	2.1551925027168006	2.6737571961870272	3.189287032948641	4.4249186239965415
573.0	0	1.4352674162976689	2.161421588811246	2.6829729628828174	3.199021585143255	4.439597893673315
574.0	0	1.4408808058248022	2.1676475136628346	2.693184217779733	3.2087717648343657	4.454372258649943
575.0	0	1.4464985310974499	2.1738703408585085	2.7011922239279174	3.218548934732383	4.46916442389186
576.0	0	1.452126117696994	2.1811100493856785	2.709659366303771	3.2283696833965805	4.483949346100645
577.0	0	1.457773500280692	2.189732303921984	2.7193449032617685	3.2382526522343738	4.498728641638096
578.0	0	1.4634561618663913	2.1983329386211232	2.7282916637004035	3.2482066145161745	4.513503922696366
579.0	0	1.4691909430931462	2.2068985461456943	2.7367891443169072	3.2582146819941666	4.528275731142263
580.0	0	1.4752555104519305	2.2142262489670324	2.7453689576133224	3.2682429934187183	4.543044793153782
581.0	0	1.4817909035275556	2.2212370160783186	2.7540010909332553	3.2782733661465286	4.557812099829487
582.0	0	1.4887410330883342	2.2283350670630835	2.7626488883631075	3.2883034615913576	4.57257910614549
583.0	0	1.4956898324324435	2.2361861228014988	2.7712980436966523	3.298333205740085	4.587347799475754
584.0	0	1.5026398108641037	2.24374130235352	2.779947214000871	3.308362555812918	4.602120787638338
585.0	0	1.509595427965293	2.2506399843362277	2.7880576101895223	3.3183914652287436	4.616901706017444
586.0	0	1.516072143936038	2.259563360048422	2.797143050754901	3.3284198834887126	4.631695354425206
587.0	0	1.5223010843219338	2.269114324857088	2.8058946368965114	3.3384477560993897	4.646507876973855
588.0	0	1.5289378129789915	2.2774998870370715	2.8145092173691086	3.348475024523954	4.66134653242959
589.0	0	1.5356530474935715	2.2858888265043946	2.8231201407132316	3.358501747901665	4.676219462243621
590.0	0	1.542261181353244	2.29428970380031	2.8317311569635892	3.3679060349700722	4.690661717038972
591.0	0	1.5485874733223965	2.3026956772495124	2.840342343127271	3.376901070280991	4.705046070389978
592.0	0	1.5549048333975517	2.3111058081462024	2.8493238660064097	3.3858961055919097	4.719452377055154
593.0	0	1.561217764007478	2.3195219012771875	2.858872504376986	3.3948911409028284	4.733879417235844
594.0	0	1.567181963189676	2.3279472038193982	2.868421142747562	3.403886176213747	4.7481529393740125
595.0	0	1.5730646068789675	2.3363866285296457	2.876894011331039	3.412881211524666	4.761938601485875
596.0	0	1.5793559001656075	2.34484736666747	2.884735774417199	3.4218762468355846	4.775711685624029
597.0	0	1.5856497464542314	2.353174560200698	2.892584886115054	3.431441282990617	4.789485542698367
598.0	0	1.5919494512971692	2.3610382135053336	2.90166630294906	3.442312273240193	4.803273992767183
599.0	0	1.597931008201821	2.3688004685482427	2.909702268314051	3.453218853701708	4.817085573184737
600.0	0	1.6038357255910158	2.3762067497879786	2.918016414002138	3.4631903887156574	4.830926792374423
601.0	0	1.6097394861000496	2.3836130310277146	2.927011597108533	3.4739465516957684	4.844804162228221
602.0	0	1.616142354664939	2.3910193122674506	2.935891422109336	3.485911523373218	4.858595088194143
603.0	0	1.6226875170423911	2.3984255935071865	2.9456114202386883	3.496709335893783	4.872101856603925
604.0	0	1.6284407034385093	2.4058318747469225	2.954715296356091	3.5074372257461066	4.885626428817406
605.0	0	1.6342228512849815	2.412964569245805	2.962962234455291	3.5180919450295414	4.899168558540204
606.0	0	1.6400118647226911	2.4200413486107273	2.9728486269737364	3.528673653192555	4.912729307758946
607.0	0	1.6457998053229654	2.4271183021787994	2.981945839394944	3.538946540503206	4.926314488962958
608.0	0	1.651585947506734	2.4341955480129283	2.990453049360388	3.548433509338443	4.939937089833493
609.0	0	1.657370297010234	2.4412732854775534	2.9993383072466098	3.5579207420334034	4.9536149484413
610.0	0	1.6631528688765638	2.448351851749545	3.009627966752997	3.5674150862280976	4.967359011882247
611.0	0	1.6689336780693642	2.4554318174881566	3.0199176188926424	3.5769272912471988	4.981156056393231
612.0	0	1.674712739454257	2.4625141479136916	3.0302072632929398	3.5864729571959053	4.99497375502761
613.0	0	1.6804900677854	2.469600471030587	3.040496899565683	3.596071632620261	5.008794127717744
614.0	0	1.6862656776926956	2.476693514908523	3.050786527306579	3.6072771675571293	5.022616809107314
615.0	0	1.6920395836696456	2.4837977923568606	3.060668791205945	3.6184097975186704	5.03644568533341
616.0	0	1.697811800061855	2.490920590221348	3.0702413790891443	3.62807829432724	5.05028760606423
617.0	0	1.7034353048519613	2.498906924695839	3.0798469041246683	3.637745974853361	5.065035292858111
618.0	0	1.7087566312985558	2.5085437761324973	3.089500832578564	3.647413619927354	5.081142973909544
619.0	0	1.7140777325989398	2.516926970365901	3.0996605307454637	3.657885025538687	5.0972521682329965
620.0	0	1.7193986025553727	2.5243338246340645	3.1100812878117354	3.668436366874534	5.113367145752036
621.0	0	1.7247192348385176	2.5317409579644563	3.1207252550728852	3.6773317361366162	5.129495207105527
622.0	0	1.730039622988467	2.5397330161675407	3.1304858691908124	3.6862499421027124	5.145645991998779
623.0	0	1.7353597604159616	2.5489040683463746	3.1398650637235006	3.6959152831538313	5.161827074033377
624.0	0	1.7406796404038063	2.5581459518285983	3.1509864346588556	3.7057599795309124	5.177917546388792
625.0	0	1.7463842844384942	2.5673985530032617	3.162158877224307	3.7160607627575595	5.193444236371729
626.0	0	1.7521229063438215	2.576650714978616	3.172827269107113	3.7283308331708342	5.209027398672938
627.0	0	1.7578810658092425	2.585902340099723	3.183247686318341	3.7405888419189735	5.224654530180469
628.0	0	1.7636652483126654	2.5951534312188445	3.1932949885399284	3.752622091656784	5.24032887331633
629.0	0	1.7694818500595961	2.6044039911822443	3.2029907881183832	3.761881467534897	5.256059702929905
630.0	0	1.7753350323016373	2.6127340160159425	3.2127647685417906	3.7711408434130096	5.271852641253064
631.0	0	1.7812240838921196	2.6207764188642777	3.2224250041046227	3.7804002192911224	5.287703246648625
632.0	0	1.7871424167887708	2.6288700489646413	3.2297123556572815	3.7896628044454297	5.303575333923401
633.0	0	1.793080203675155	2.636989505171126	3.2392039209036283	3.800582446415779	5.319411090701467
634.0	0	1.7990285901837877	2.6451312716485704	3.247452870770528	3.811564105534376	5.334933125126218
635.0	0	1.804981500259749	2.6533018428499955	3.2557934207380965	3.822608194593171	5.350013102458425
636.0	0	1.811123474630521	2.661509080606009	3.2642446195839976	3.8336949017246376	5.364731999172227
637.0	0	1.8178159202711253	2.6705727935723425	3.272780072886941	3.844796268170438	5.3794578797275445
638.0	0	1.8245083816873189	2.678694903107966	3.2813605007643534	3.8558978396741797	5.394196681027219
639.0	0	1.8312008954756216	2.68709307841343	3.2899880243823425	3.866997331233917	5.408958754934798
640.0	0	1.8378931954501305	2.6963544044609646	3.298676251952645	3.8780946747531435	5.4237608229278385
641.0	0	1.8445822638302174	2.705615620585216	3.3085197851909003	3.8891898699459952	5.43862598256409
642.0	0	1.8512718879415564	2.7148767152464988	3.318558302540581	3.900282916866608	5.453325005178254
643.0	0	1.8579626931729394	2.724137676032559	3.3285955509535317	3.911373815651354	5.467381522514054
644.0	0	1.8633406550176792	2.7322342344856727	3.338631394472618	3.922422662857962	5.4815017992557
645.0	0	1.8684358524757274	2.7390746038125156	3.348665690813466	3.932048841423258	5.495695062484276
646.0	0	1.8735411537663023	2.7466150753402143	3.3586982919669333	3.94345189786673	5.509965837394028
647.0	0	1.8786644952178588	2.7553391326587033	3.368729044875352	3.9555757109237146	5.524284222008991
648.0	0	1.8838140542340833	2.765070982794063	3.378757792173035	3.966383268263764	5.538612196263239
649.0	0	1.8889891167906987	2.7754560105433765	3.388784438776633	3.977753662870374	5.552940275882501
650.0	0	1.894176427099185	2.7858656792934178	3.398917651883522	3.988821112488996	5.567265060712816
651.0	0	1.8993678385154815	2.7963126708521786	3.4088377319838292	3.99991048855418	5.58158968125085
652.0	0	1.9045638952521209	2.8068118366165185	3.4188643785874273	4.011039880106918	5.59591413861877
653.0	0	1.9097666693953714	2.815045838515102	3.4278534969380825	4.022232982543322	5.610188645929507
654.0	0	1.9149790804661204	2.8225943683462718	3.436850730255205	4.033506364581273	5.624260945773435
655.0	0	1.920205212197926	2.830146518844634	3.4467617978167993	4.044845330117041	5.6383571264094865
656.0	0	1.9254505031442943	2.839809479792912	3.4566728653783922	4.056207867009397	5.652460329133142
657.0	0	1.930720754995114	2.849494244076384	3.4665839329399737	4.067570778526493	5.66655165560192
658.0	0	1.936021130221804	2.859163123283348	3.476630328348647	4.0789315858423985	5.6806292422604
659.0	0	1.941367627707483	2.868814113803746	3.486406068062589	4.090288577802955	5.694702346691247
660.0	0	1.9467837065263773	2.878445471672282	3.4958952052340515	4.101331137558095	5.708771227525932
661.0	0	1.9522897968801924	2.888055781907825	3.506228203172981	4.112293720792243	5.722836782319566
662.0	0	1.957906382320354	2.8967059939527866	3.51613927069432	4.12327689198449	5.736902393488276
663.0	0	1.9636484680939477	2.9049434772564693	3.526050338115758	4.134238863905116	5.752183132649065
664.0	0	1.9693562495466683	2.913180960560152	3.5359614052347084	4.145836429142216	5.767731657468027
665.0	0	1.974654681696212	2.9214184438638346	3.545872471518518	4.1567750431977055	5.783345258289858
666.0	0	1.9809887449808166	2.9296559751330085	3.555783535684854	4.167211196047807	5.799024140158881
667.0	0	1.9873556733010358	2.9378936039573764	3.5656945948882366	4.177828667741732	5.814751674110253
668.0	0	1.9935815006294288	2.946917676410091	3.5755533038688565	4.188657947879286	5.83050291611724
669.0	0	1.9995806195820776	2.9558046244119134	3.5843519637260517	4.199461268632513	5.846261479021434
670.0	0	2.0055288652355245	2.9636693556122045	3.593139585260611	4.210240250009684	5.862023601037453
671.0	0	2.011416094344208	2.9715299511053157	3.60192720679517	4.222276821501795	5.877790171726982
672.0	0	2.017245530014953	2.9793856368716916	3.6107148283297295	4.23440616962511	5.893563002622128
673.0	0	2.0230274451029637	2.9873451122130494	3.6195024498642887	4.246505614754652	5.9093447596623125
674.0	0	2.028798499860882	2.9956100633545186	3.628290071398848	4.258514587581929	5.925139269596716
675.0	0	2.034562595036589	3.003901627905333	3.637077692933407	4.270239401636884	5.940952191269557
676.0	0	2.040458630640128	3.0125459998403263	3.6458653144679665	4.281468918339637	5.956792076277046
677.0	0	2.04647281819335	3.0216311429426703	3.6547382579746053	4.292696926342915	5.972672135959734
678.0	0	2.0537137014647935	3.031677664283132	3.665773054728345	4.303923815965869	5.988612489578575
679.0	0	2.061137757121375	3.0422559651347614	3.6775312931042854	4.3151502433072775	6.004642071966268
680.0	0	2.0685981783625276	3.0515609443213476	3.6893156974002745	4.326377308175934	6.020805129310862
681.0	0	2.0760842549752243	3.060025976928987	3.701117887158178	4.337607042497614	6.037138851560647
682.0	0	2.083590596300031	3.069358612871704	3.712929439346435	4.34884254595076	6.053643886087327
683.0	0	2.0908605844116024	3.0792296819979685	3.7222567958589976	4.361137773078068	6.069771305002989
684.0	0	2.0974072509128385	3.0891011635871366	3.730941808600676	4.3736799602865215	6.085747108258242
685.0	0	2.103985128357114	3.0989733326920237	3.7417993709032116	4.386238124295895	6.101816800551293
686.0	0	2.1106013978705196	3.1088466468645763	3.7533020979426714	4.398796878099521	6.1179706614020475
687.0	0	2.117260697394159	3.118721865607071	3.762077474180804	4.41135548992623	6.134165786722469
688.0	0	2.1239622216762992	3.128600290250515	3.7729766654554293	4.423912538743056	6.150367878860663
689.0	0	2.1306981530220037	3.137112717448575	3.784087551719544	4.436462061086132	6.166571075008744
690.0	0	2.1374566996678572	3.145224910550273	3.794243663496945	4.448327992472583	6.182775845695914
691.0	0	2.1442293213263066	3.1561021110983667	3.804195737559462	4.4598547181263655	6.1979058373799045
692.0	0	2.151017633281192	3.163340440676717	3.814713866746467	4.473366024167655	6.212881941716881
693.0	0	2.157836457795	3.1731966453473626	3.824965476651903	4.486333673859656	6.2278744042063465
694.0	0	2.164694791033457	3.1838517569148905	3.8356989792916907	4.498687424859066	6.2428917540835664
695.0	0	2.1715642199365064	3.194518691424208	3.845468790397726	4.511002743705742	6.257937762197477
696.0	0	2.1784339695918877	3.204193381079887	3.8575689093788634	4.5233838681766505	6.273047404925952
697.0	0	2.185304436422469	3.2118809346896358	3.8704341726946034	4.536170240518997	6.288243434227928
698.0	0	2.1921767785667177	3.2189094343073776	3.8806226435338624	4.549021719523518	6.303031004333928
699.0	0	2.1990536698899135	3.2259379339251195	3.890863735788433	4.561963357750294	6.317605241393934
700.0	0	2.2059407403458526	3.2329664335428614	3.901159391158304	4.575005366237308	6.332235909810804
701.0	0	2.2118939041363412	3.2399949331606033	3.911501770420153	4.5881234216526865	6.346906236871509
702.0	0	2.2176606477828074	3.2480678142262485	3.921874239261786	4.601180411089314	6.361619982175645
703.0	0	2.2235061696030183	3.257290291496751	3.932259426412408	4.614079898066065	6.376385561835262
704.0	0	2.2294201036776995	3.266608574838655	3.9426321618765234	4.626846864692273	6.391210080763316
705.0	0	2.2354319099887427	3.2759335918138643	3.953035878359024	4.639069181381146	6.406097023322037
706.0	0	2.2415436049428368	3.2841265730294262	3.9634242467537573	4.651336650460525	6.421044132952286
707.0	0	2.247689807193395	3.2933021753913843	3.9738126151742392	4.663649671059378	6.436042581294658
708.0	0	2.2538344191530064	3.302534982303238	3.984200983594727	4.676005803489713	6.451078739485331
709.0	0	2.259976787269305	3.31178850554859	3.9945893520152147	4.688402717660818	6.466138244241258
710.0	0	2.266116133916973	3.3211760656212834	4.004977720435702	4.700842961882253	6.481209268160768
711.0	0	2.272251581913081	3.331650333072571	4.01536608885619	4.713336445781934	6.496282068460567
712.0	0	2.278382192584589	3.3421200894257685	4.025754457276678	4.725895306502351	6.5113465020627865
713.0	0	2.284507014346399	3.3505291906919634	4.036142885890687	4.738520475515675	6.526410555874691
714.0	0	2.2906251882463438	3.358566333311032	4.045664781332654	4.75119130608374	6.541488583084539
715.0	0	2.296735951761585	3.3666034759301002	4.054731915821164	4.76387844090802	6.556582943394471
716.0	0	2.303012673928999	3.3752183936990168	4.065065511784002	4.776567567978146	6.571693190654989
717.0	0	2.3096263198885674	3.384174762545071	4.074701078333974	4.789256734450865	6.586812922846303
718.0	0	2.316242944195483	3.3931287570333857	4.084336645746488	4.801945897007629	6.60192900469556
719.0	0	2.3223097962252854	3.4020804095699373	4.0939722131484	4.814497177456519	6.617028822354443
720.0	0	2.3281282720733905	3.4110297523345454	4.1036077805372315	4.826927142907127	6.632107943132959
721.0	0	2.333940835178282	3.4211835047675225	4.113243347910455	4.839357108357736	6.647167108782358
722.0	0	2.3400211250411425	3.431616367654504	4.122878915265097	4.851787073808344	6.66220762386316
723.0	0	2.346370124240133	3.441027658154281	4.132544273711168	4.8642170392589525	6.677250153610083
724.0	0	2.352750270417279	3.4493427749141135	4.1428271590565835	4.876647004709561	6.692302502346092
725.0	0	2.3597581660410403	3.459557234255555	4.153140028382261	4.889076970160169	6.7073636059182915
726.0	0	2.366949654710143	3.4697713818023703	4.163506907719945	4.901506935610778	6.722437754600476
727.0	0	2.3742115521475062	3.4794110347644702	4.173960159331449	4.913936901061386	6.73753953473173
728.0	0	2.381538877330495	3.4882562626488056	4.184523776224603	4.926366866511994	6.752701699070677
729.0	0	2.388925442654937	3.4979254358894445	4.195186665480339	4.938796831962603	6.767976816121469
730.0	0	2.3963680492336015	3.508509474806779	4.2059228766958086	4.951226797413211	6.783384391533007
